"ranks","name","year","rating","over.votes","X10","X9","X8","X7","X6","X5","X4","X3","X2","X1","men_rating","women_rating","men_votes","women_votes"
1,"The Shawshank Redemption",1994,9.2,2634220,1450954,674971,307576,97870,29451,15331,7359,5428,5012,40268,9.3,9.2,1469453,293489
2,"The Godfather",1972,9.2,1825676,943564,453152,224855,88622,33550,18600,9504,7014,6559,40256,9.2,8.9,1068021,165474
3,"The Dark Knight",2008,9,2605458,1181031,733196,394977,151159,53736,25318,12398,8781,8090,36772,9,8.7,1485131,266179
4,"The Godfather Part II",1974,9,1252247,539428,359221,193966,78070,29112,14184,6864,4848,4346,22208,9,8.8,756501,105109
5,"12 Angry Men",1957,8.9,777876,284101,251623,148250,53293,17235,7054,3230,1996,1703,9391,9,8.9,451029,76452
6,"Schindler's List",1993,8.9,1336344,502160,421804,241738,89560,29431,14255,6798,4983,4694,20921,9,9,755007,170291
7,"The Lord of the Rings: The Return of the King",2003,8.9,1807152,777115,475759,295162,127519,48640,23806,11703,8576,7039,31833,9,8.9,1034294,219545
8,"Pulp Fiction",1994,8.8,2016243,733754,598682,372840,158187,57993,29537,15600,11352,9772,28526,9,8.5,1150077,221146
9,"The Lord of the Rings: The Fellowship of the Ring",2001,8.8,1829237,696314,505974,347679,145580,51167,24721,11888,8946,7453,29515,8.8,8.8,1030092,230823
10,"Il buono, il brutto, il cattivo",1966,8.8,752817,267084,217048,152707,65264,20800,9520,4330,2733,2246,11085,8.9,8.4,493639,49316
11,"Forrest Gump",1994,8.8,2039054,699306,622101,421914,170339,57395,25398,12938,8361,6565,14737,8.8,8.7,1068714,279635
12,"Fight Club",1999,8.7,2078040,704686,640431,421481,173016,59553,27541,14009,9534,7642,20147,8.8,8.7,1157827,250865
13,"Inception",2010,8.7,2310169,800382,702954,462107,195349,67399,29511,14701,9467,7689,20610,8.8,8.7,1267916,295030
14,"The Lord of the Rings: The Two Towers",2002,8.7,1631950,571427,460172,339939,141951,48610,22661,10396,7335,6271,23188,8.8,8.7,928884,202966
15,"The Empire Strikes Back",1980,8.7,1273821,434256,348445,275425,122897,40532,17467,7439,5118,4253,17989,8.8,8.5,753625,115568
16,"The Matrix",1999,8.7,1885575,573405,564415,423304,185812,63271,27856,13684,9286,7083,17459,8.8,8.4,1083112,200738
17,"Goodfellas",1990,8.7,1141421,324306,359174,280736,111761,32951,12522,5649,3535,2595,8192,8.7,8.4,698383,91144
18,"One Flew Over the Cuckoo's Nest",1975,8.6,996099,272961,318140,246693,99387,29447,11389,5105,2819,2124,8034,8.7,8.6,587271,126074
19,"Se7en",1995,8.6,1619822,375115,546561,437519,176352,44200,16310,7459,4669,3528,8109,8.7,8.5,910343,192189
20,"Shichinin no samurai",1954,8.6,343129,115133,87979,69559,33815,12624,6525,3381,2174,1968,9971,8.7,8.3,225133,24055
21,"It's a Wonderful Life",1946,8.6,450702,150532,111387,95806,49361,18785,9073,4309,2667,2172,6610,8.6,8.6,245411,70192
22,"The Silence of the Lambs",1991,8.6,1408075,330432,460705,394170,149646,39622,14282,6330,3638,2849,6401,8.6,8.6,773697,189387
23,"Cidade de Deus",2002,8.6,749431,200509,241820,185203,70753,21731,9316,4432,2714,2545,10408,8.6,8.4,491996,70725
24,"Saving Private Ryan",1998,8.6,1369697,352457,428703,350629,145689,45959,18238,8674,5450,4139,9759,8.7,8.2,822680,119718
25,"La vita è bella",1997,8.6,685990,217843,207370,147483,61571,21709,10229,5283,3289,2941,8272,8.6,8.9,369112,111189
26,"The Green Mile",1999,8.6,1279340,339825,397596,329548,134918,41236,15657,7256,4335,2848,6121,8.6,8.7,711635,167536
27,"Interstellar",2014,8.6,1776380,646116,484840,340061,170158,64386,27313,13683,8464,6371,14988,8.6,8.4,923089,181340
28,"Star Wars",1977,8.6,1346476,419378,357580,312947,149144,49326,20518,8721,5874,4806,18182,8.6,8.4,791059,129952
29,"Terminator 2: Judgment Day",1991,8.5,1084120,273035,297861,291101,139404,44869,17025,7263,3963,2766,6833,8.6,8.1,693289,82540
30,"Back to the Future",1985,8.5,1182905,303220,313016,328108,156182,48154,16884,6697,3438,2149,5057,8.6,8.4,669185,135325
31,"Sen to Chihiro no kamikakushi",2001,8.5,748272,231928,212751,168187,75655,26271,11379,5705,3411,2967,10018,8.5,8.7,376629,123439
32,"Psycho",1960,8.5,663062,159546,184795,180445,85111,27785,10881,4858,2655,1912,5074,8.5,8.4,371390,92911
33,"The Pianist",2002,8.5,818713,190677,264873,225013,85540,24500,10130,5057,3089,2436,7398,8.5,8.7,451907,118819
34,"Léon",1994,8.5,1144056,286251,352915,307007,130024,37321,13221,5791,2980,2189,6357,8.5,8.6,670350,132163
35,"Gisaengchung",2019,8.5,772007,191269,246145,200233,82367,25576,9866,4339,3021,2344,6847,8.5,8.5,344444,79751
36,"The Lion King",1994,8.5,1042225,304315,269217,267743,125405,40879,16028,6471,3632,2376,6159,8.4,8.8,540307,176766
37,"Gladiator",2000,8.5,1476934,384459,437574,379581,168708,56020,22501,10123,5969,4092,7907,8.6,8.3,875266,155107
38,"American History X",1998,8.5,1109729,240987,360717,318512,125265,34219,12007,5591,3094,2460,6877,8.5,8.6,681424,129369
39,"The Departed",2006,8.5,1306611,296633,415425,363710,146933,43815,16121,7171,4151,3337,9315,8.5,8.4,799465,134633
40,"The Usual Suspects",1995,8.5,1073091,263387,340423,280542,119050,36380,13836,6108,3441,2712,7212,8.5,8.4,662032,103095
41,"The Prestige",2006,8.5,1313484,313260,414633,356667,151280,44468,15073,6477,3199,2323,6104,8.5,8.4,767199,160057
42,"Casablanca",1942,8.5,566250,168275,138170,133410,69759,25563,11370,5363,3175,2649,8516,8.5,8.3,322285,84141
43,"Whiplash",2014,8.5,834840,184099,267827,230268,97530,28986,10777,5415,3043,2215,4680,8.5,8.3,440912,100906
44,"The Intouchables",2011,8.5,844832,220974,263703,218610,91674,26853,9594,4321,2460,1788,4855,8.5,8.7,451151,132540
45,"Hotaru no haka",1988,8.5,272888,81714,72276,63695,29842,10683,4874,2583,1466,1248,4507,8.5,8.6,146074,38312
46,"Seppuku",1962,8.5,55927,15466,16032,13265,5444,1802,937,410,316,318,1937,8.6,8.3,35466,4112
47,"Modern Times",1936,8.4,240484,61777,66646,63105,27149,9183,4312,2097,1185,1085,3945,8.5,8.4,145305,26097
48,"Once Upon a Time in the West",1968,8.4,327007,88635,86858,79961,39464,14100,6480,3232,1937,1501,4839,8.5,8.1,220691,20329
49,"Rear Window",1954,8.4,486772,112933,135760,135655,63237,19934,7803,3483,1934,1546,4487,8.5,8.5,282711,65256
50,"Alien",1979,8.4,868831,197112,243964,245276,116223,36210,13603,5966,3290,2288,4899,8.5,8.2,534560,79264
51,"City Lights",1931,8.4,183656,50926,47305,45660,20940,7428,3709,2037,1102,1055,3494,8.5,8.4,112682,19962
52,"Nuovo Cinema Paradiso",1988,8.4,258439,71644,70230,63322,29573,10642,4936,2382,1228,1123,3359,8.5,8.6,148761,36814
53,"Apocalypse Now",1979,8.4,660229,174292,175062,158944,83289,32549,14568,7275,4355,3151,6744,8.5,8.1,426933,46656
54,"Memento",2000,8.4,1223039,268856,365080,337490,152784,48851,19706,9299,5528,4269,11176,8.5,8.2,733024,141634
55,"Raiders of the Lost Ark",1981,8.4,955527,226412,257588,269604,129980,39184,14254,5980,3637,2661,6227,8.5,8.2,582962,93249
56,"Django Unchained",2012,8.4,1524174,325098,482494,432446,178291,54249,20285,9701,5920,4594,11096,8.4,8.4,860997,172243
57,"WALL·E",2008,8.4,1101152,268734,300757,291511,142963,48652,18925,8915,5522,4024,11149,8.4,8.5,621830,157060
58,"The Lives of Others",2006,8.4,387023,79228,122202,111961,45555,13286,5277,2610,1363,1102,4439,8.4,8.6,243532,51521
59,"Sunset Blvd.",1950,8.4,220479,54497,54301,57313,29429,11042,5156,2546,1374,1119,3702,8.4,8.5,130568,29702
60,"Top Gun: Maverick",2022,8.4,326908,110079,94250,73884,30620,9111,3159,1404,937,771,2693,8.4,8.5,142505,23597
61,"Paths of Glory",1957,8.4,196039,42209,53896,55144,25707,8344,3682,1838,1143,991,3085,8.4,8.1,128993,12357
62,"The Shining",1980,8.4,1003058,226161,277001,272331,133912,47822,19639,9307,5508,3837,7540,8.4,8.3,558692,131568
63,"The Great Dictator",1940,8.4,222613,55265,59434,58030,27012,10010,4689,2281,1411,994,3487,8.4,8.5,140088,22684
64,"Witness for the Prosecution",1957,8.4,124397,24349,35272,37260,15503,4867,2543,1288,630,630,2055,8.4,8.5,74287,14085
65,"Avengers: Infinity War",2018,8.4,1050595,348439,269292,226824,110801,41539,16368,7350,4783,4079,21120,8.4,8.4,506153,89439
66,"Aliens",1986,8.3,709461,163609,183472,199102,100567,33566,13072,5708,3047,2295,5023,8.4,8.1,455473,58537
67,"American Beauty",1999,8.3,1143050,249325,309204,311634,155881,55481,23398,11508,7245,5754,13620,8.4,8.1,655504,176964
68,"Dr. Strangelove or: How I Learned to Stop Worrying and Love the Bomb",1964,8.3,486551,134453,121418,112933,61331,24725,11742,5501,3290,2537,8621,8.4,8.1,310256,41368
69,"Spider-Man: Into the Spider-Verse",2018,8.3,511499,128691,147168,135460,60887,18656,6556,2708,1738,1784,7851,8.3,8.5,243955,37567
70,"The Dark Knight Rises",2012,8.3,1679595,466219,457073,417150,198918,71508,27646,13177,7578,5656,14670,8.4,8.4,996175,169396
71,"Oldeuboi",2003,8.3,571028,134108,163885,147421,68065,25115,11269,5917,3565,2878,8805,8.4,8.2,361878,54926
72,"Joker",2019,8.3,1235342,368023,331431,278798,138630,54508,22879,11101,7017,5753,17202,8.3,8.4,558677,113175
73,"Amadeus",1984,8.3,398078,89501,101475,112241,57473,19196,7835,3611,1900,1317,3529,8.3,8.4,230696,58864
74,"Braveheart",1995,8.3,1027941,256529,263223,269485,138401,49600,20896,9796,5984,4313,9714,8.4,8.1,634897,110644
75,"Toy Story",1995,8.3,980933,200252,242072,311526,147253,45234,16662,6502,3504,2425,5503,8.3,8.3,534140,138596
76,"Coco",2017,8.3,492961,122358,132507,137891,65571,20067,6315,2409,1270,928,3645,8.3,8.6,222779,69360
77,"Inglourious Basterds",2009,8.3,1421662,283726,414778,407150,182492,62471,25746,13270,8677,6408,16944,8.3,8.3,824799,160725
78,"Das Boot",1981,8.3,249748,55917,69476,68176,32111,10846,4936,2390,1381,1032,3483,8.4,8.1,167617,15931
79,"Mononoke-hime",1997,8.3,389416,98722,103844,101531,50154,16861,6872,3209,1731,1460,5032,8.3,8.3,212577,57330
80,"Avengers: Endgame",2019,8.3,1095225,385992,242763,217721,121022,51492,22972,10421,7031,5576,30235,8.3,8.5,483429,87770
81,"Once Upon a Time in America",1984,8.3,348727,85887,89637,92318,45659,16551,7405,3637,2217,1737,3679,8.4,8.1,228474,25347
82,"Good Will Hunting",1997,8.3,952854,186033,263611,303288,133423,37670,13074,5747,3041,2226,4741,8.3,8.3,536688,128332
83,"Kimi no na wa.",2016,8.3,260578,78178,66150,62520,31943,10772,3987,1754,970,805,3499,8.3,8.4,113668,27508
84,"Requiem for a Dream",2000,8.3,832114,193297,223179,215253,107795,41353,18679,9890,6389,4921,11358,8.3,8.3,485905,124074
85,"Toy Story 3",2010,8.3,826942,177803,197527,233271,131878,46551,17590,7380,4160,3075,7707,8.3,8.3,471070,118641
86,"Singin' in the Rain",1952,8.3,240609,60316,54231,62701,34872,13495,5991,2896,1535,1120,3452,8.3,8.5,123458,48271
87,"3 Idiots",2009,8.3,394672,147133,98882,73209,35163,13582,6961,3787,2693,2337,10925,8.3,8.4,219046,37013
88,"Star Wars: Episode VI - Return of the Jedi",1983,8.3,1040167,230844,258194,305388,151870,49863,18341,7474,4691,3462,10040,8.3,8.3,615538,96316
89,"Tengoku to jigoku",1963,8.3,44384,9539,11988,12427,5289,1719,788,383,362,474,1415,8.4,8.1,28832,3600
90,"2001: A Space Odyssey",1968,8.3,660981,199643,142936,136179,79996,39489,21542,12094,8924,6730,13448,8.3,7.9,407633,54701
91,"Eternal Sunshine of the Spotless Mind",2004,8.3,994525,232368,261659,259337,134394,50763,21728,10857,6645,4920,11854,8.3,8.3,554403,169275
92,"Reservoir Dogs",1992,8.3,1004557,176037,284536,315274,144185,44151,16489,7726,4644,3671,7844,8.3,8.1,616593,88806
93,"Capharnaüm",2018,8.3,87753,21971,25384,24144,9556,2815,1229,558,361,342,1393,8.3,8.7,44733,11443
94,"Lawrence of Arabia",1962,8.3,291592,75211,66089,71273,40207,16271,7511,3869,2231,1768,7162,8.3,8,185210,26116
95,"Citizen Kane",1941,8.3,439033,122878,94407,99995,58647,26077,13432,6887,4478,3474,8758,8.3,8.1,265587,46756
96,"Jagten",2012,8.3,325470,50995,95539,110131,45382,12222,4601,2217,1133,979,2271,8.3,8.3,189878,43630
97,"M - Eine Stadt sucht einen Mörder",1931,8.3,157077,34334,38720,41688,21454,8329,4075,2160,1241,1001,4075,8.3,8.2,98092,17096
98,"North by Northwest",1959,8.3,325544,65969,82648,95774,49377,16167,6564,2917,1604,1232,3292,8.3,8.2,199535,35808
99,"Idi i smotri",1985,8.2,77826,21941,17521,18535,9382,3715,1981,1012,735,614,2390,8.3,8.3,47136,5666
100,"Vertigo",1958,8.2,399056,89284,96260,110894,60685,21715,9051,3967,2229,1460,3511,8.3,8.2,233053,50654
101,"Le fabuleux destin d'Amélie Poulain",2001,8.2,750650,190668,187949,184798,100982,38376,16992,8754,5412,4184,12535,8.3,8.5,399264,153574
102,"A Clockwork Orange",1971,8.2,820329,199289,205783,201534,108802,44320,21264,11428,7764,6166,13979,8.3,8.1,486375,100134
103,"Full Metal Jacket",1987,8.2,734415,120896,202424,240968,112017,32911,11664,4895,2839,1813,3988,8.3,8.1,472781,52260
104,"Double Indemnity",1944,8.2,156433,30496,37735,46494,23497,7879,3666,1981,951,891,2843,8.3,8.1,95234,18713
105,"The Apartment",1960,8.2,180468,35756,43812,54391,27402,9072,3869,1921,953,811,2481,8.3,8.1,105986,25473
106,"Scarface",1983,8.2,826626,179835,212855,243160,118114,38980,14481,6844,3992,2607,5758,8.3,8,524238,62894
107,"Ikiru",1952,8.2,77946,19920,17460,19416,9897,3744,2032,1035,654,847,2941,8.3,8.2,48694,6893
108,"The Sting",1973,8.2,260311,48301,68977,81568,38859,11629,4492,2141,1089,963,2292,8.3,8.2,165648,24311
109,"To Kill a Mockingbird",1962,8.2,314798,69412,76126,88598,47020,16700,7109,3079,1672,1284,3798,8.2,8.4,178694,51012
110,"Taxi Driver",1976,8.2,816142,169150,204348,230130,125892,46129,18458,8079,4670,3217,6069,8.3,8,492338,72810
111,"Heat",1995,8.2,646656,128936,163048,198118,100054,32270,11624,4586,2470,1658,3892,8.3,7.9,430238,39556
112,"Up",2009,8.2,1030386,202464,265205,311006,161487,52933,18016,7223,3761,2667,5624,8.2,8.4,552174,171060
113,"L.A. Confidential",1997,8.2,578507,93201,155094,188381,91235,28037,10258,4515,2366,1631,3789,8.3,8,375734,52402
114,"Metropolis",1927,8.2,173390,41218,39926,44112,23785,9806,5090,2672,1686,1245,3850,8.3,8.3,105480,21582
115,"Incendies",2010,8.2,175625,33519,50298,53484,22669,6993,2996,1448,983,860,2375,8.2,8.4,104546,22550
116,"Jodaeiye Nader az Simin",2011,8.2,243940,71718,56792,60293,30306,10065,4727,2307,1262,1123,5347,8.3,8.2,144691,33048
117,"Die Hard",1988,8.2,867141,156586,203646,283114,148269,44436,15152,6083,3187,2084,4584,8.3,7.9,549583,76826
118,"Snatch",2000,8.2,847001,163909,231594,260944,120098,37777,13970,6425,3518,2666,6100,8.3,8.1,549352,78893
119,"Indiana Jones and the Last Crusade",1989,8.2,747294,135746,182319,242101,121757,36945,12986,5265,3207,2369,4599,8.3,8.1,460769,72402
120,"Ladri di biciclette",1948,8.2,162651,35676,39455,44463,23271,8632,4356,2017,1135,964,2682,8.3,8.2,99809,18567
121,"Hamilton",2020,8.2,91725,32617,20849,16296,8230,3839,2191,1244,980,1229,4250,8.1,8.9,37827,14399
122,"1917",2019,8.2,570186,98546,162722,180339,85288,25679,8399,3279,1853,1187,2894,8.2,8.3,288096,44370
123,"Taare Zameen Par",2007,8.2,191858,61901,49946,41113,19328,6801,3375,1867,1091,1077,5359,8.3,8.3,107793,18166
124,"Der Untergang",2004,8.2,353722,60619,93604,116854,53415,15054,5544,2555,1251,1018,3808,8.3,8.1,241650,30237
125,"Per qualche dollaro in più",1965,8.2,254984,41984,66926,88422,38210,10296,3825,1706,859,626,2130,8.3,7.9,171440,13198
126,"Batman Begins",2005,8.2,1449410,264583,370165,480427,222415,61721,20823,8744,4651,3739,12142,8.3,8.1,870459,139436
127,"Dangal",2016,8.2,188352,57849,46020,44548,20351,6457,3068,1642,905,998,6514,8.3,8.4,95677,13533
128,"The Kid",1921,8.2,125969,26438,29654,38475,17850,5903,2818,1435,639,707,2050,8.2,8.4,76409,14040
129,"Some Like It Hot",1959,8.2,265461,58116,59512,74750,42588,15503,6403,2795,1570,1354,2870,8.2,8.4,142008,51087
130,"All About Eve",1950,8.2,130956,29895,28894,35385,19393,7249,3792,1925,1069,782,2572,8.2,8.5,70552,24631
131,"The Father",2020,8.2,145710,25653,41360,47873,20467,5920,1974,755,513,371,824,8.2,8.3,73296,14904
132,"Green Book",2018,8.2,478167,82560,135557,160089,67972,18493,6291,2503,1259,932,2511,8.2,8.4,237070,57776
133,"The Wolf of Wall Street",2013,8.2,1374630,261206,367788,408490,201001,68868,26901,12595,8364,6164,13253,8.2,7.8,728589,161066
134,"Spider-Man: No Way Home",2021,8.2,714308,259913,154998,142378,82801,32915,13299,6055,4047,3017,14885,8.1,8.4,258979,42714
135,"Judgment at Nuremberg",1961,8.2,77394,14353,18866,23927,11462,3718,1648,659,476,401,1884,8.3,8.4,49114,7991
136,"Ran",1985,8.2,124971,28914,29580,32605,17123,6653,3298,1600,1127,857,3214,8.2,8,81528,8665
137,"Casino",1995,8.2,513901,86905,129558,173388,81761,23978,8425,3266,1895,1335,3390,8.2,7.9,335573,35376
138,"Unforgiven",1992,8.2,409095,73075,102344,127569,65972,21558,8052,3668,1847,1370,3640,8.2,7.7,277128,24598
139,"Pan's Labyrinth",2006,8.2,663132,135382,165426,182281,101995,39157,15610,7412,4618,3104,8147,8.2,8.3,395958,106828
140,"There Will Be Blood",2007,8.2,579479,128131,137104,154256,86986,35027,14789,7384,4580,3578,7644,8.2,7.9,379616,47555
141,"The Truman Show",1998,8.2,1059317,163965,253576,366795,182593,55014,18633,7343,3997,2606,4795,8.2,8.1,588129,140418
142,"The Sixth Sense",1999,8.2,981342,155452,244131,325565,164279,53372,17768,7397,4073,3134,6171,8.2,8.2,567686,147312
143,"A Beautiful Mind",2001,8.2,922760,157989,241788,311582,140704,41392,13986,5682,3170,2217,4250,8.2,8.3,524597,133278
144,"Monty Python and the Holy Grail",1975,8.2,537503,126650,131690,140114,76675,28833,12969,6466,4120,3018,6968,8.2,8.2,328169,61363
145,"Yôjinbô",1961,8.1,122440,23154,30566,36641,16979,5877,2866,1533,831,849,3144,8.2,7.9,79951,8474
146,"The Treasure of the Sierra Madre",1948,8.1,124549,23871,28522,36818,19738,7082,3178,1640,864,713,2123,8.2,7.9,80540,10195
147,"Shutter Island",2010,8.1,1285213,231124,347878,409726,188720,62095,21271,9574,5328,3525,5972,8.1,8.2,711756,171086
148,"Jurassic Park",1993,8.1,975413,180703,207512,319277,172215,55689,19934,8140,4461,2781,4701,8.2,8.1,557719,109045
149,"The Great Escape",1963,8.1,243363,44184,60074,79239,38515,11465,3907,1510,1165,717,2587,8.2,8.2,161145,17547
150,"Rashômon",1950,8.1,167590,36319,39425,44483,25031,9304,4619,2366,1276,1128,3639,8.2,8.1,106210,15356
151,"Kill Bill: Vol. 1",2003,8.1,1100381,200804,263759,333097,167701,61333,26495,13233,9185,7534,17240,8.1,8.2,649000,130473
152,"No Country for Old Men",2007,8.1,957459,169963,244831,282017,146990,54416,23179,10940,6998,5244,12881,8.2,7.7,603110,84734
153,"Finding Nemo",2003,8.1,1031892,179793,230983,345216,183368,56195,18011,6758,3636,2533,5399,8.1,8.4,546332,176568
154,"The Elephant Man",1980,8.1,239656,42503,55777,76612,40071,13224,5232,2181,1104,777,2175,8.2,8.2,148792,29737
155,"Chinatown",1974,8.1,324249,60648,76433,97849,55561,18855,6869,2679,1445,1034,2876,8.2,7.9,209778,28348
156,"Raging Bull",1980,8.1,351060,68774,81329,104518,56344,20148,8246,3961,2182,1758,3800,8.2,7.7,232842,21747
157,"The Thing",1982,8.1,417876,87654,91125,124241,69347,24978,9529,3906,2224,1453,3419,8.2,7.8,271039,32139
158,"Gone with the Wind",1939,8.1,313724,86549,61771,74902,44293,20010,9794,5012,3360,2537,5496,8.1,8.5,151787,77214
159,"V for Vendetta",2005,8.1,1110617,243965,272830,302762,169303,63802,24826,11048,6699,4674,10708,8.2,8.2,680861,142929
160,"Inside Out",2015,8.1,701902,128766,170930,204752,119428,44686,15974,6457,3475,2214,5220,8.2,8.2,340996,111658
161,"Lock, Stock and Two Smoking Barrels",1998,8.1,577477,98307,147887,191923,90368,26630,9442,3959,2253,1938,4770,8.2,8.1,388161,48711
162,"Dial M for Murder",1954,8.1,174842,23989,42047,65141,29006,7808,2832,1116,730,600,1573,8.2,8.2,105145,22339
163,"El secreto de sus ojos",2009,8.1,208620,37248,55294,65585,31636,9927,3719,1568,934,727,1982,8.2,8.2,131093,29914
164,"Hauru no ugoku shiro",2004,8.1,388590,87935,93776,114614,58081,18732,6614,2711,1579,1160,3388,8,8.6,189151,74981
165,"The Bridge on the River Kwai",1957,8.1,219669,36382,52308,71916,37388,11534,4231,1745,1062,879,2224,8.2,8,144972,15900
166,"Three Billboards Outside Ebbing, Missouri",2017,8.1,498639,66506,136491,170810,81429,24175,8179,3701,2356,1691,3301,8.1,8.2,266902,65274
167,"Trainspotting",1996,8.1,681337,117043,169832,217983,108048,35721,13563,6107,3748,2974,6318,8.1,8.1,409051,91843
168,"Warrior",2011,8.1,469015,90183,119784,144307,74617,23010,7712,3107,1616,1393,3286,8.1,8.2,320780,37078
169,"Gran Torino",2008,8.1,769830,114915,198194,256140,131418,39977,13251,5640,3244,2442,4609,8.1,8.2,507674,77223
170,"Fargo",1996,8.1,671989,108225,164902,213962,112724,38459,14188,6441,3853,2758,6477,8.1,8,413915,68572
171,"Prisoners",2013,8.1,696281,96498,178731,255679,116432,30124,9178,3560,1931,1285,2863,8.1,8,400478,79832
172,"Tonari no Totoro",1988,8.1,334306,71605,75723,99507,54669,18135,6419,2570,1346,1032,3300,8.1,8.4,165125,60992
173,"Million Dollar Baby",2004,8.1,682546,104241,163268,227477,115972,37768,14092,6376,3639,2780,6933,8.1,8.1,417680,91913
174,"Catch Me If You Can",2002,8.1,961764,132500,226651,368802,168774,42403,12272,4304,2194,1449,2415,8.1,8.1,519258,123102
175,"The Gold Rush",1925,8.1,110943,21987,23846,34481,17524,5963,2583,1034,725,679,2121,8.2,8.1,70366,10630
176,"Blade Runner",1982,8.1,760359,179208,171057,191460,116334,51891,22699,10518,6207,4147,6838,8.1,7.8,471519,63732
177,"On the Waterfront",1954,8.1,154527,29735,34633,46760,24920,8967,3550,1626,984,742,2610,8.1,8,97601,14896
178,"Bacheha-Ye aseman",1997,8.1,74533,18293,17552,20345,10002,3458,1730,964,423,444,1322,8.2,8.4,40396,9653
179,"The Third Man",1949,8.1,171074,37309,37409,45643,27629,11032,4864,2343,1353,889,2603,8.1,8,108025,16271
180,"Ben-Hur",1959,8.1,238244,49001,49295,69934,39414,15144,6600,2781,1716,1354,3005,8.1,7.9,151268,23525
181,"Before Sunrise",1995,8.1,304557,61598,68197,92265,48416,17131,7022,3269,1876,1605,3178,8.1,8.1,160286,61108
182,"12 Years a Slave",2013,8.1,694369,102189,174316,234183,116347,36986,12921,5386,3218,2454,6369,8.1,8.2,393728,102760
183,"Smultronstället",1957,8.1,106988,22955,23420,29968,16121,6307,2866,1278,848,794,2431,8.1,8.1,65134,12557
184,"The General",1926,8.1,91106,18656,18626,25481,14491,5641,2893,1212,1033,762,2311,8.2,8,57313,8793
185,"Everything Everywhere All at Once",2022,8.1,189396,56327,45672,38969,21641,10155,5206,2861,2170,1820,4575,8.1,8.2,87696,16192
186,"Gone Girl",2014,8.1,968389,127231,251422,337358,162227,49871,17184,7761,4653,3226,7456,8.1,8.1,515691,149608
187,"Harry Potter and the Deathly Hallows: Part 2",2011,8.1,861896,205571,179675,241415,138913,50100,19230,7862,4621,3425,11084,8,8.5,453373,150091
188,"The Deer Hunter",1978,8.1,337308,62149,81096,100178,53329,19893,8541,4135,2588,1771,3628,8.1,8.1,224278,25397
189,"In the Name of the Father",1993,8.1,174146,24327,42675,63525,29118,7797,2753,1139,681,689,1442,8.1,8.2,110447,18434
190,"The Grand Budapest Hotel",2014,8.1,795979,127627,206251,251422,128261,44978,16935,7674,4390,3116,5325,8.1,8.1,427772,123156
191,"Barry Lyndon",1975,8.1,166577,37891,34160,45195,26795,10460,4558,2153,1296,1085,2984,8.1,7.7,107201,13441
192,"Mr. Smith Goes to Washington",1939,8.1,115443,22709,26157,32716,18636,6786,3026,1403,948,724,2338,8.1,8.2,69836,13917
193,"Le salaire de la peur",1953,8.1,61027,11075,13446,17749,9410,3251,1705,731,535,534,2591,8.2,7.8,40534,4547
194,"Sherlock Jr.",1924,8.1,49703,9664,10494,14779,7491,2798,1400,598,442,635,1402,8.2,8.2,31192,4889
195,"Hacksaw Ridge",2016,8.1,514693,98130,130002,159372,81416,25652,9272,4154,2080,1458,3157,8,8.3,282823,47237
196,"Salinui chueok",2003,8.1,179628,29619,44335,59970,29327,8697,3230,1321,780,599,1750,8.1,7.9,107498,14180
197,"Klaus",2019,8.1,146292,30646,36501,45575,23173,6333,1882,658,370,275,879,8,8.4,69203,19602
198,"Relatos salvajes",2014,8.1,196681,30274,49528,67903,32487,9172,3160,1336,785,571,1465,8.1,8.2,115909,26740
199,"Det sjunde inseglet",1957,8.1,184109,44159,39799,46848,27145,11254,5763,2536,1602,1352,3651,8.1,8.1,114721,19596
200,"Room",2015,8.1,416269,58624,103428,144878,73421,21136,6793,2678,1565,1089,2657,8,8.3,207439,73082
201,"Mad Max: Fury Road",2015,8.1,986505,193331,233565,264820,155599,65623,28790,14484,9500,7056,13737,8.1,7.9,564677,93671
202,"How to Train Your Dragon",2010,8.1,731588,134818,165736,236802,130906,39125,12154,4369,2186,1440,4052,8,8.4,397550,125240
203,"The Big Lebowski",1998,8.1,800189,175348,173654,213861,130717,53882,22369,10385,6278,4738,8957,8.1,7.8,504519,76378
204,"Mary and Max.",2009,8.1,176725,32716,42990,53809,27837,9340,3893,1708,1144,902,2386,8,8.4,101469,34117
205,"Monsters, Inc.",2001,8.1,897800,141342,187213,322010,168365,49407,15299,5471,2875,1968,3850,8,8.3,473816,145970
206,"Jaws",1975,8.1,596722,110939,112259,180417,116736,42517,16071,6576,3602,2384,5221,8.1,7.7,363765,65819
207,"Dead Poets Society",1989,8.1,482575,88698,109675,157576,79884,26179,9749,4315,2347,1546,2606,8,8.3,251541,80564
208,"Tôkyô monogatari",1953,8.1,61445,14908,11859,16115,8988,3609,1914,919,641,555,1937,8.2,8.1,36702,6049
209,"La passion de Jeanne d'Arc",1928,8.1,54566,14286,9642,12830,7644,3365,1927,1042,792,706,2332,8.2,8.1,32249,5610
210,"Hotel Rwanda",2004,8.1,354270,51362,85890,125331,61183,16533,5407,2177,1272,1007,4108,8.1,8.3,227336,46574
211,"Rocky",1976,8,569021,104581,115792,188248,103778,32341,11408,4366,2550,1778,4179,8.1,7.7,368314,40153
212,"Ford v Ferrari",2019,8,381655,56390,97022,140257,63261,15840,4532,1503,795,637,1418,8,8.1,204160,28628
213,"Platoon",1986,8,411515,58732,95956,145435,71700,22079,7892,3228,1920,1385,3188,8.1,7.8,278390,27472
214,"Pather Panchali",1955,8,32650,12346,6649,5904,3107,1432,744,349,273,250,1596,8.3,8.1,20530,2497
215,"Stand by Me",1986,8,399431,72857,86485,132194,71319,21774,7332,2631,1349,1005,2485,8,8.2,232051,60125
216,"The Terminator",1984,8,855040,124964,172143,304343,168870,51212,16818,6495,3399,2257,4539,8.1,7.7,549183,70625
217,"Spotlight",2015,8,465366,56763,114864,170494,85242,23425,7401,2536,1298,948,2395,8,8.1,256611,64636
218,"Rush",2013,8,475558,67812,116776,169729,85614,22226,6556,2375,1191,919,2360,8.1,8,307570,43385
219,"Logan",2017,8,747547,151343,179855,215870,122979,44069,15402,6692,3549,2475,5313,8,7.9,411873,63255
220,"Network",1976,8,158958,29905,33804,46698,27792,10495,4403,1783,996,714,2368,8.1,7.9,106260,13789
221,"Ratatouille",2007,8,722560,126370,150471,236431,133895,44687,14519,5411,2830,1979,5967,8,8.1,392992,121688
222,"Into the Wild",2007,8,618815,122580,147540,175494,99998,36801,14934,6861,4181,3164,7262,8.1,8.1,372818,94627
223,"The Wizard of Oz",1939,8,396126,90290,70317,106089,71185,29649,12571,5326,3141,2283,5275,8,8.2,212890,76595
224,"Groundhog Day",1993,8,624200,99004,127019,205006,124404,40523,13906,5494,3004,1926,3914,8.1,7.7,383389,78628
225,"Before Sunset",2004,8,261816,51272,55391,79032,43329,15738,6381,2938,1884,1632,4219,8.1,8,142579,52932
226,"The Exorcist",1973,8,400365,76390,78818,119810,70248,28256,11633,5281,3094,2144,4691,8.1,7.8,246772,52665
227,"The Best Years of Our Lives",1946,8,64388,14062,12212,17828,10491,4062,2075,830,560,473,1795,8.1,8.3,38438,8728
228,"The Incredibles",2004,8,726224,123261,147007,238157,135988,48344,16360,6131,3094,1924,5958,8,7.9,410199,105189
229,"To Be or Not to Be",1942,8,37041,7525,8438,10674,5296,1933,957,447,436,259,1076,8.2,8.1,23523,4376
230,"The Grapes of Wrath",1940,8,93001,17119,18549,27762,15592,6113,3103,1363,868,631,1901,8.1,8,58186,11026
231,"Rebecca",1940,8,136694,24514,29593,42325,23398,8394,3462,1335,873,684,2116,8,8.3,74782,24756
232,"La battaglia di Algeri",1966,8,60006,12652,12786,16298,8757,3409,1706,718,520,447,2713,8.1,8,40782,5129
233,"Hachi: A Dog's Tale",2009,8,282483,72325,58395,76684,44735,16421,6320,2508,1522,1146,2427,8,8.4,149087,51626
234,"Cool Hand Luke",1967,8,176478,30523,40141,56322,30458,10174,3897,1513,885,797,1768,8.1,8,115582,15432
235,"Pirates of the Caribbean: The Curse of the Black Pearl",2003,8,1113228,207748,230584,372537,190395,61566,22696,9223,5273,3571,9635,8,8.2,631334,170767
236,"Amores perros",2000,8,239486,35464,58891,80600,38949,12385,4868,2053,1293,1317,3666,8.1,8.1,151847,33613
237,"La haine",1995,8,171714,30722,41352,53992,27197,8626,3516,1604,980,784,2941,8,8.1,107651,16632
238,"Les quatre cents coups",1959,8,117264,23386,24360,34237,19201,7035,3081,1392,848,882,2842,8.1,8.1,71247,14016
239,"Babam ve Oglum",2005,8,86475,31442,17677,17103,9369,3805,2014,1264,615,730,2456,8.1,8.5,48346,11282
240,"Persona",1966,8,117820,28869,24085,29528,17012,7851,3752,1826,1287,976,2634,8,8.1,67821,16303
241,"It Happened One Night",1934,8,103587,19702,21403,31404,17491,6189,2723,1144,718,645,2168,8,8.2,57117,17968
242,"The Sound of Music",1965,8,231848,59506,43371,61990,35820,15106,6778,3066,1935,1427,2849,7.9,8.4,101867,63150
243,"Life of Brian",1979,8,397168,73922,89506,117330,67630,25170,10197,4414,2476,1933,4590,8,8,249067,41574
244,"Ah-ga-ssi",2016,8,143798,22542,35507,47709,23397,7354,2827,1297,951,671,1543,8,8.1,74762,20507
245,"Jai Bhim",2021,8,196924,160512,13075,6463,2658,1073,717,399,364,649,11014,8.4,7.6,37285,1661
246,"Dersu Uzala",1975,8,29401,7089,6921,7974,4003,1370,602,265,141,146,890,8.2,8.3,20240,2199
247,"Aladdin",1992,8,413414,71881,77371,142695,79717,25870,8640,3132,1484,896,1728,8,8.2,212301,81169
248,"Gandhi",1982,8,230721,39500,49176,74964,40234,13377,5311,2102,1268,987,3802,8.1,8,149733,25042
249,"The Help",2011,8,455606,78107,104850,154049,77234,23044,8062,3264,1759,1316,3921,7.9,8.4,209772,136635
250,"The Iron Giant",1999,8,192756,38083,38505,62146,33609,11469,4247,1613,872,619,1593,8,8,118696,22685
